feature,count,mean,std,min,25%,50%,75%,95%,99%,max
response_delay_minutes,0.0,,,,,,,,,
closure_delay_minutes,0.0,,,,,,,,,
modification_delay_minutes,298445.0,510.88183547197696,2463.1559445147864,-4318.555995316667,4.938973733333333,15.896754666666668,71.1660557,2688.0442047299985,9367.570117907311,161183.00069408334
validation_delay_minutes,173030.0,5806.763714286946,12969.485555344127,-879.9174166666667,1157.3326041666664,1862.4952083333333,4243.781875000001,32945.560540833336,60400.90687416666,219855.8805666667
scita_delay_minutes,42161.0,28119.875034975255,14477.727622112781,21645.371626116666,25127.725697916667,25705.187583366664,26636.900046783332,30064.819534816666,117962.43052646668,219332.18252950002
